{
  "KOIFULL": {
    "accuracy": 0.9877389584706658,
    "balanced_accuracy": 0.9900755529807809,
    "roc_auc": 0.9941322906398863,
    "f1": 0.9833243679397525,
    "mcc": 0.9739161966884265,
    "report": {
      "0.0": {
        "precision": 0.9991586032814472,
        "recall": 0.9816077702004546,
        "f1-score": 0.9903054310434692,
        "support": 4839.0
      },
      "1.0": {
        "precision": 0.9685623454609679,
        "recall": 0.9985433357611071,
        "f1-score": 0.9833243679397525,
        "support": 2746.0
      },
      "accuracy": 0.9877389584706658,
      "macro avg": {
        "precision": 0.9838604743712076,
        "recall": 0.9900755529807809,
        "f1-score": 0.9868148994916108,
        "support": 7585.0
      },
      "weighted avg": {
        "precision": 0.9880818301799262,
        "recall": 0.9877389584706658,
        "f1-score": 0.9877780745131058,
        "support": 7585.0
      }
    },
    "confusion_matrix": [
      [
        4750,
        89
      ],
      [
        4,
        2742
      ]
    ],
    "n_samples": 7585
  },
  "K2FULL": {
    "accuracy": 0.9965490797546013,
    "balanced_accuracy": 0.9980561555075593,
    "roc_auc": 1.0,
    "f1": 0.998052369616966,
    "mcc": 0.9830701118398494,
    "report": {
      "0.0": {
        "precision": 0.9701986754966887,
        "recall": 1.0,
        "f1-score": 0.984873949579832,
        "support": 293.0
      },
      "1.0": {
        "precision": 1.0,
        "recall": 0.9961123110151188,
        "f1-score": 0.998052369616966,
        "support": 2315.0
      },
      "accuracy": 0.9965490797546013,
      "macro avg": {
        "precision": 0.9850993377483444,
        "recall": 0.9980561555075593,
        "f1-score": 0.9914631595983989,
        "support": 2608.0
      },
      "weighted avg": {
        "precision": 0.9966519217486693,
        "recall": 0.9965490797546013,
        "f1-score": 0.9965718185928555,
        "support": 2608.0
      }
    },
    "confusion_matrix": [
      [
        293,
        0
      ],
      [
        9,
        2306
      ]
    ],
    "n_samples": 2608
  }
}